uuid,exp_time
af4a3dc0-b8e9-11ea-b7bb-f06e0bdc8dd5.gif,1593398839
b31f3366-b8e9-11ea-9497-f06e0bdc8dd5.gif,1593398846
b6cc77fe-b8e9-11ea-8925-f06e0bdc8dd5.gif,1593398852
c37b50ae-b8e9-11ea-868c-f06e0bdc8dd5.gif,1593398873
de4a67d4-b8e9-11ea-abd7-f06e0bdc8dd5.gif,1593398918
eef6c54a-b8e9-11ea-bd56-f06e0bdc8dd5.gif,1593398946
fd7d070a-b8e9-11ea-a43b-f06e0bdc8dd5.gif,1593398970
0b6653e2-b8ea-11ea-b73f-f06e0bdc8dd5.gif,1593398994
155a76d4-b8ea-11ea-b317-f06e0bdc8dd5.gif,1593399010
24f73526-b8eb-11ea-a173-f06e0bdc8dd5.gif,1593399466
470842c0-b8eb-11ea-a11e-f06e0bdc8dd5.gif,1593399523
69260c86-b8eb-11ea-9ad5-f06e0bdc8dd5.gif,1593399580
a805316e-b8eb-11ea-b679-f06e0bdc8dd5.gif,1593399686
e6d0f074-b8eb-11ea-b08b-f06e0bdc8dd5.gif,1593399791
